ID_PRODUTO,DATA_EVENTO,PRECO,FLAG_PROMOCAO,QUANTIDADE_ESTOQUE,ANO,MES,DIA,DIA_DA_SEMANA,SEMANA_DO_ANO,IS_FIM_DE_SEMANA,VENDAS,ESTOQUE_ONTEM,ESTOQUE_FUTURO
1000,2023-12-31,138.43,1,100,2023,12,31,6,52,1,22,101,82
1001,2023-12-31,75.08,0,100,2023,12,31,6,52,1,17,104,89
1002,2023-12-31,58.84,0,100,2023,12,31,6,52,1,13,98,90
1003,2023-12-31,61.96,0,100,2023,12,31,6,52,1,10,96,92
1004,2023-12-31,20.34,0,100,2023,12,31,6,52,1,10,101,90
1005,2023-12-31,29.65,1,100,2023,12,31,6,52,1,44,100,63
1006,2023-12-31,187.04,0,100,2023,12,31,6,52,1,11,97,91
1007,2023-12-31,23.09,0,100,2023,12,31,6,52,1,14,100,87
1008,2023-12-31,173.21,0,100,2023,12,31,6,52,1,4,100,99
1009,2023-12-31,66.31,0,100,2023,12,31,6,52,1,10,99,92
1010,2023-12-31,182.28,0,100,2023,12,31,6,52,1,3,98,97
1011,2023-12-31,48.96,0,100,2023,12,31,6,52,1,5,104,97
1012,2023-12-31,21.94,0,100,2023,12,31,6,52,1,15,95,86
1013,2023-12-31,72.67,1,100,2023,12,31,6,52,1,15,104,92
1014,2023-12-31,141.87,0,100,2023,12,31,6,52,1,3,100,102
1015,2023-12-31,27.82,0,100,2023,12,31,6,52,1,4,96,104
1016,2023-12-31,30.19,0,100,2023,12,31,6,52,1,15,97,92
1017,2023-12-31,22.68,0,100,2023,12,31,6,52,1,15,102,94
1018,2023-12-31,44.2,0,100,2023,12,31,6,52,1,20,104,82
1019,2023-12-31,100.19,0,100,2023,12,31,6,52,1,11,100,93
1020,2023-12-31,129.13,0,100,2023,12,31,6,52,1,17,97,89
1021,2023-12-31,21.24,1,100,2023,12,31,6,52,1,36,101,68
1022,2023-12-31,85.71,0,100,2023,12,31,6,52,1,17,98,90
1023,2023-12-31,143.12,0,100,2023,12,31,6,52,1,20,103,84
1024,2023-12-31,65.27,1,100,2023,12,31,6,52,1,22,99,78
1000,2024-01-01,153.81,0,95,2024,1,1,0,1,0,3,92,96
1001,2024-01-01,67.57,1,88,2024,1,1,0,1,0,16,84,75
1002,2024-01-01,52.96,1,94,2024,1,1,0,1,0,39,90,60
1003,2024-01-01,61.96,0,95,2024,1,1,0,1,0,9,92,88
1004,2024-01-01,20.34,0,94,2024,1,1,0,1,0,12,90,86
1005,2024-01-01,32.94,0,83,2024,1,1,0,1,0,10,81,74
1006,2024-01-01,187.04,0,100,2024,1,1,0,1,0,18,96,87
1007,2024-01-01,23.09,0,100,2024,1,1,0,1,0,7,104,98
1008,2024-01-01,173.21,0,86,2024,1,1,0,1,0,14,89,76
1009,2024-01-01,59.68,1,84,2024,1,1,0,1,0,43,80,46
1010,2024-01-01,182.28,0,82,2024,1,1,0,1,0,9,85,79
1011,2024-01-01,48.96,0,83,2024,1,1,0,1,0,5,83,82
1012,2024-01-01,21.94,0,82,2024,1,1,0,1,0,18,77,64
1013,2024-01-01,72.67,1,84,2024,1,1,0,1,0,31,82,60
1014,2024-01-01,141.87,0,85,2024,1,1,0,1,0,13,80,75
1015,2024-01-01,25.04,1,99,2024,1,1,0,1,0,16,99,91
1016,2024-01-01,30.19,0,97,2024,1,1,0,1,0,18,95,88
1017,2024-01-01,22.68,0,93,2024,1,1,0,1,0,6,90,92
1018,2024-01-01,44.2,0,95,2024,1,1,0,1,0,17,92,78
1019,2024-01-01,90.17,1,98,2024,1,1,0,1,0,34,101,66
1020,2024-01-01,129.13,0,91,2024,1,1,0,1,0,5,91,88
1021,2024-01-01,21.24,1,86,2024,1,1,0,1,0,27,89,68
1022,2024-01-01,85.71,0,83,2024,1,1,0,1,0,10,82,76
1023,2024-01-01,143.12,0,89,2024,1,1,0,1,0,5,85,89
1024,2024-01-01,72.52,0,99,2024,1,1,0,1,0,4,101,101
1000,2024-01-02,138.43,1,89,2024,1,2,1,1,0,16,88,82
1001,2024-01-02,75.08,0,81,2024,1,2,1,1,0,12,77,72
1002,2024-01-02,58.84,0,80,2024,1,2,1,1,0,6,78,79
1003,2024-01-02,61.96,0,85,2024,1,2,1,1,0,20,88,65
1004,2024-01-02,20.34,0,83,2024,1,2,1,1,0,15,81,75
1005,2024-01-02,32.94,0,67,2024,1,2,1,1,0,5,65,68
1006,2024-01-02,168.34,1,85,2024,1,2,1,1,0,17,81,76
1007,2024-01-02,23.09,0,81,2024,1,2,1,1,0,7,81,76
1008,2024-01-02,173.21,0,76,2024,1,2,1,1,0,14,72,63
1009,2024-01-02,66.31,0,77,2024,1,2,1,1,0,18,78,59
1010,2024-01-02,164.05,1,81,2024,1,2,1,1,0,29,78,54
1011,2024-01-02,48.96,0,68,2024,1,2,1,1,0,11,65,61
1012,2024-01-02,21.94,0,63,2024,1,2,1,1,0,17,62,47
1013,2024-01-02,72.67,1,66,2024,1,2,1,1,0,32,63,36
1014,2024-01-02,141.87,0,85,2024,1,2,1,1,0,17,81,71
1015,2024-01-02,27.82,0,84,2024,1,2,1,1,0,16,88,74
1016,2024-01-02,30.19,0,95,2024,1,2,1,1,0,21,98,76
1017,2024-01-02,22.68,0,76,2024,1,2,1,1,0,18,72,66
1018,2024-01-02,39.78,1,76,2024,1,2,1,1,0,28,72,55
1019,2024-01-02,100.19,0,88,2024,1,2,1,1,0,10,90,81
1020,2024-01-02,129.13,0,90,2024,1,2,1,1,0,16,93,74
1021,2024-01-02,21.24,1,84,2024,1,2,1,1,0,27,85,57
1022,2024-01-02,77.14,1,73,2024,1,2,1,1,0,16,70,57
1023,2024-01-02,128.81,1,80,2024,1,2,1,1,0,23,83,57
1024,2024-01-02,72.52,0,88,2024,1,2,1,1,0,11,85,84
1000,2024-01-03,153.81,0,80,2024,1,3,2,1,0,1,79,81
1001,2024-01-03,75.08,0,72,2024,1,3,2,1,0,14,75,63
1002,2024-01-03,58.84,0,75,2024,1,3,2,1,0,10,72,67
1003,2024-01-03,61.96,0,78,2024,1,3,2,1,0,13,79,69
1004,2024-01-03,18.31,1,67,2024,1,3,2,1,0,37,62,36
1005,2024-01-03,32.94,0,67,2024,1,3,2,1,0,20,65,48
1006,2024-01-03,168.34,1,70,2024,1,3,2,1,0,30,68,45
1007,2024-01-03,23.09,0,77,2024,1,3,2,1,0,6,78,76
1008,2024-01-03,155.89,1,67,2024,1,3,2,1,0,11,69,58
1009,2024-01-03,66.31,0,72,2024,1,3,2,1,0,3,67,74
1010,2024-01-03,164.05,1,67,2024,1,3,2,1,0,15,66,61
1011,2024-01-03,48.96,0,50,2024,1,3,2,1,0,13,51,46
1012,2024-01-03,21.94,0,58,2024,1,3,2,1,0,10,56,52
1013,2024-01-03,80.74,0,49,2024,1,3,2,1,0,11,47,39
1014,2024-01-03,141.87,0,72,2024,1,3,2,1,0,8,70,72
1015,2024-01-03,27.82,0,82,2024,1,3,2,1,0,12,82,77
1016,2024-01-03,30.19,0,94,2024,1,3,2,1,0,11,95,85
1017,2024-01-03,22.68,0,65,2024,1,3,2,1,0,15,61,57
1018,2024-01-03,44.2,0,58,2024,1,3,2,1,0,5,57,61
1019,2024-01-03,100.19,0,74,2024,1,3,2,1,0,2,72,74
1020,2024-01-03,129.13,0,86,2024,1,3,2,1,0,17,83,71
1021,2024-01-03,23.6,0,66,2024,1,3,2,1,0,8,67,59
1022,2024-01-03,85.71,0,55,2024,1,3,2,1,0,5,55,57
1023,2024-01-03,128.81,1,61,2024,1,3,2,1,0,27,62,43
1024,2024-01-03,72.52,0,76,2024,1,3,2,1,0,10,75,66
1000,2024-01-04,153.81,0,76,2024,1,4,3,1,0,3,76,80
1001,2024-01-04,75.08,0,54,2024,1,4,3,1,0,3,53,57
1002,2024-01-04,58.84,0,74,2024,1,4,3,1,0,5,75,75
1003,2024-01-04,61.96,0,64,2024,1,4,3,1,0,7,60,59
1004,2024-01-04,20.34,0,51,2024,1,4,3,1,0,18,50,33
1005,2024-01-04,32.94,0,49,2024,1,4,3,1,0,17,49,35
1006,2024-01-04,187.04,0,54,2024,1,4,3,1,0,3,54,59
1007,2024-01-04,23.09,0,69,2024,1,4,3,1,0,4,68,69
1008,2024-01-04,173.21,0,57,2024,1,4,3,1,0,5,61,52
1009,2024-01-04,66.31,0,67,2024,1,4,3,1,0,16,68,55
1010,2024-01-04,164.05,1,50,2024,1,4,3,1,0,22,54,35
1011,2024-01-04,48.96,0,39,2024,1,4,3,1,0,12,41,34
1012,2024-01-04,19.75,1,58,2024,1,4,3,1,0,39,59,23
1013,2024-01-04,80.74,0,37,2024,1,4,3,1,0,17,36,28
1014,2024-01-04,127.68,1,60,2024,1,4,3,1,0,23,55,37
1015,2024-01-04,27.82,0,67,2024,1,4,3,1,0,16,66,54
1016,2024-01-04,30.19,0,76,2024,1,4,3,1,0,22,80,56
1017,2024-01-04,22.68,0,65,2024,1,4,3,1,0,10,61,56
1018,2024-01-04,44.2,0,51,2024,1,4,3,1,0,20,50,38
1019,2024-01-04,90.17,1,65,2024,1,4,3,1,0,11,64,60
1020,2024-01-04,129.13,0,86,2024,1,4,3,1,0,6,82,88
1021,2024-01-04,23.6,0,60,2024,1,4,3,1,0,10,59,51
1022,2024-01-04,85.71,0,44,2024,1,4,3,1,0,15,42,32
1023,2024-01-04,128.81,1,48,2024,1,4,3,1,0,39,43,14
1024,2024-01-04,72.52,0,57,2024,1,4,3,1,0,13,54,46
1000,2024-01-05,153.81,0,57,2024,1,5,4,1,0,4,52,60
1001,2024-01-05,75.08,0,36,2024,1,5,4,1,0,15,35,23
1002,2024-01-05,58.84,0,55,2024,1,5,4,1,0,9,53,47
1003,2024-01-05,55.76,1,59,2024,1,5,4,1,0,38,60,23
1004,2024-01-05,18.31,1,47,2024,1,5,4,1,0,20,46,32
1005,2024-01-05,29.65,1,35,2024,1,5,4,1,0,19,39,17
1006,2024-01-05,187.04,0,49,2024,1,5,4,1,0,13,47,43
1007,2024-01-05,23.09,0,63,2024,1,5,4,1,0,9,59,54
1008,2024-01-05,173.21,0,56,2024,1,5,4,1,0,12,54,50
1009,2024-01-05,66.31,0,48,2024,1,5,4,1,0,14,44,35
1010,2024-01-05,164.05,1,35,2024,1,5,4,1,0,23,37,21
1011,2024-01-05,48.96,0,25,2024,1,5,4,1,0,10,22,20
1012,2024-01-05,21.94,0,56,2024,1,5,4,1,0,4,59,53
1013,2024-01-05,80.74,0,26,2024,1,5,4,1,0,3,24,24
1014,2024-01-05,141.87,0,56,2024,1,5,4,1,0,14,56,51
1015,2024-01-05,27.82,0,58,2024,1,5,4,1,0,12,62,53
1016,2024-01-05,30.19,0,70,2024,1,5,4,1,0,6,69,65
1017,2024-01-05,20.41,1,49,2024,1,5,4,1,0,17,53,38
1018,2024-01-05,44.2,0,50,2024,1,5,4,1,0,9,45,43
1019,2024-01-05,100.19,0,58,2024,1,5,4,1,0,9,61,56
1020,2024-01-05,116.22,1,67,2024,1,5,4,1,0,19,62,54
1021,2024-01-05,23.6,0,54,2024,1,5,4,1,0,8,56,53
1022,2024-01-05,85.71,0,36,2024,1,5,4,1,0,3,39,39
1023,2024-01-05,143.12,0,40,2024,1,5,4,1,0,20,43,25
1024,2024-01-05,72.52,0,56,2024,1,5,4,1,0,12,51,50
1000,2024-01-06,153.81,0,39,2024,1,6,5,1,1,12,35,31
1001,2024-01-06,67.57,1,27,2024,1,6,5,1,1,33,22,0
1002,2024-01-06,52.96,1,43,2024,1,6,5,1,1,34,47,9
1003,2024-01-06,61.96,0,46,2024,1,6,5,1,1,19,42,27
1004,2024-01-06,20.34,0,38,2024,1,6,5,1,1,20,42,26
1005,2024-01-06,32.94,0,27,2024,1,6,5,1,1,15,29,16
1006,2024-01-06,187.04,0,49,2024,1,6,5,1,1,7,48,46
1007,2024-01-06,23.09,0,52,2024,1,6,5,1,1,5,53,49
1008,2024-01-06,155.89,1,41,2024,1,6,5,1,1,24,37,21
1009,2024-01-06,66.31,0,45,2024,1,6,5,1,1,19,47,28
1010,2024-01-06,182.28,0,28,2024,1,6,5,1,1,5,28,31
1011,2024-01-06,48.96,0,9,2024,1,6,5,1,1,20,11,0
1012,2024-01-06,21.94,0,56,2024,1,6,5,1,1,20,51,41
1013,2024-01-06,80.74,0,15,2024,1,6,5,1,1,19,10,0
1014,2024-01-06,127.68,1,51,2024,1,6,5,1,1,24,52,33
1015,2024-01-06,27.82,0,58,2024,1,6,5,1,1,5,60,59
1016,2024-01-06,30.19,0,62,2024,1,6,5,1,1,8,59,63
1017,2024-01-06,22.68,0,35,2024,1,6,5,1,1,4,34,40
1018,2024-01-06,44.2,0,50,2024,1,6,5,1,1,4,45,49
1019,2024-01-06,100.19,0,54,2024,1,6,5,1,1,20,55,41
1020,2024-01-06,129.13,0,53,2024,1,6,5,1,1,3,52,55
1021,2024-01-06,23.6,0,46,2024,1,6,5,1,1,15,48,34
1022,2024-01-06,85.71,0,19,2024,1,6,5,1,1,8,21,14
1023,2024-01-06,143.12,0,30,2024,1,6,5,1,1,5,33,26
1024,2024-01-06,72.52,0,42,2024,1,6,5,1,1,13,43,30
1000,2024-01-07,153.81,0,25,2024,1,7,6,1,1,17,20,11
1001,2024-01-07,75.08,0,12,2024,1,7,6,1,1,8,9,8
1002,2024-01-07,58.84,0,33,2024,1,7,6,1,1,7,35,33
1003,2024-01-07,61.96,0,30,2024,1,7,6,1,1,4,27,31
1004,2024-01-07,18.31,1,37,2024,1,7,6,1,1,20,39,20
1005,2024-01-07,29.65,1,15,2024,1,7,6,1,1,32,10,0
1006,2024-01-07,187.04,0,47,2024,1,7,6,1,1,16,46,38
1007,2024-01-07,20.78,1,46,2024,1,7,6,1,1,30,44,17
1008,2024-01-07,173.21,0,32,2024,1,7,6,1,1,1,31,37
1009,2024-01-07,66.31,0,29,2024,1,7,6,1,1,11,31,19
1010,2024-01-07,164.05,1,10,2024,1,7,6,1,1,26,14,0
1011,2024-01-07,48.96,0,4,2024,1,7,6,1,1,19,2,0
1012,2024-01-07,21.94,0,38,2024,1,7,6,1,1,6,36,33
1013,2024-01-07,80.74,0,9,2024,1,7,6,1,1,6,6,11
1014,2024-01-07,141.87,0,48,2024,1,7,6,1,1,20,49,28
1015,2024-01-07,27.82,0,54,2024,1,7,6,1,1,6,51,56
1016,2024-01-07,27.17,1,58,2024,1,7,6,1,1,29,55,29
1017,2024-01-07,22.68,0,31,2024,1,7,6,1,1,10,35,30
1018,2024-01-07,44.2,0,39,2024,1,7,6,1,1,12,38,36
1019,2024-01-07,100.19,0,40,2024,1,7,6,1,1,2,39,39
1020,2024-01-07,129.13,0,40,2024,1,7,6,1,1,9,40,36
1021,2024-01-07,23.6,0,38,2024,1,7,6,1,1,10,40,33
1022,2024-01-07,85.71,0,7,2024,1,7,6,1,1,20,11,0
1023,2024-01-07,143.12,0,13,2024,1,7,6,1,1,9,13,10
1024,2024-01-07,72.52,0,41,2024,1,7,6,1,1,3,36,45
1000,2024-01-08,153.81,0,20,2024,1,8,0,2,0,11,22,10
1001,2024-01-08,75.08,0,100,2024,1,8,0,2,0,20,102,87
1002,2024-01-08,58.84,0,19,2024,1,8,0,2,0,12,22,15
1003,2024-01-08,61.96,0,21,2024,1,8,0,2,0,5,24,21
1004,2024-01-08,20.34,0,18,2024,1,8,0,2,0,10,14,12
1005,2024-01-08,32.94,0,100,2024,1,8,0,2,0,19,96,89
1006,2024-01-08,187.04,0,44,2024,1,8,0,2,0,16,41,36
1007,2024-01-08,23.09,0,30,2024,1,8,0,2,0,20,25,10
1008,2024-01-08,155.89,1,13,2024,1,8,0,2,0,23,11,0
1009,2024-01-08,66.31,0,12,2024,1,8,0,2,0,3,10,17
1010,2024-01-08,182.28,0,9,2024,1,8,0,2,0,16,12,0
1011,2024-01-08,44.06,1,100,2024,1,8,0,2,0,37,103,66
1012,2024-01-08,21.94,0,25,2024,1,8,0,2,0,8,28,20
1013,2024-01-08,80.74,0,100,2024,1,8,0,2,0,7,104,94
1014,2024-01-08,141.87,0,44,2024,1,8,0,2,0,10,45,36
1015,2024-01-08,27.82,0,47,2024,1,8,0,2,0,12,43,37
1016,2024-01-08,30.19,0,46,2024,1,8,0,2,0,6,50,40
1017,2024-01-08,22.68,0,23,2024,1,8,0,2,0,22,22,6
1018,2024-01-08,44.2,0,39,2024,1,8,0,2,0,19,37,27
1019,2024-01-08,100.19,0,29,2024,1,8,0,2,0,17,31,14
1020,2024-01-08,129.13,0,26,2024,1,8,0,2,0,4,22,26
1021,2024-01-08,21.24,1,21,2024,1,8,0,2,0,21,21,0
1022,2024-01-08,85.71,0,4,2024,1,8,0,2,0,13,3,0
1023,2024-01-08,143.12,0,2,2024,1,8,0,2,0,18,0,0
1024,2024-01-08,72.52,0,25,2024,1,8,0,2,0,10,29,24
1000,2024-01-09,138.43,1,15,2024,1,9,1,2,0,16,10,0
1001,2024-01-09,67.57,1,90,2024,1,9,1,2,0,26,92,72
1002,2024-01-09,52.96,1,19,2024,1,9,1,2,0,34,15,0
1003,2024-01-09,61.96,0,12,2024,1,9,1,2,0,5,13,13
1004,2024-01-09,18.31,1,8,2024,1,9,1,2,0,35,11,0
1005,2024-01-09,32.94,0,83,2024,1,9,1,2,0,6,86,83
1006,2024-01-09,187.04,0,40,2024,1,9,1,2,0,18,42,26
1007,2024-01-09,23.09,0,11,2024,1,9,1,2,0,17,15,0
1008,2024-01-09,155.89,1,100,2024,1,9,1,2,0,32,103,72
1009,2024-01-09,66.31,0,100,2024,1,9,1,2,0,4,96,96
1010,2024-01-09,182.28,0,6,2024,1,9,1,2,0,3,6,10
1011,2024-01-09,44.06,1,97,2024,1,9,1,2,0,28,95,69
1012,2024-01-09,21.94,0,23,2024,1,9,1,2,0,12,21,14
1013,2024-01-09,80.74,0,96,2024,1,9,1,2,0,6,95,98
1014,2024-01-09,141.87,0,27,2024,1,9,1,2,0,2,24,33
1015,2024-01-09,27.82,0,35,2024,1,9,1,2,0,7,30,32
1016,2024-01-09,30.19,0,30,2024,1,9,1,2,0,4,32,29
1017,2024-01-09,22.68,0,21,2024,1,9,1,2,0,17,20,6
1018,2024-01-09,44.2,0,20,2024,1,9,1,2,0,19,17,3
1019,2024-01-09,100.19,0,17,2024,1,9,1,2,0,9,21,12
1020,2024-01-09,129.13,0,7,2024,1,9,1,2,0,8,8,8
1021,2024-01-09,23.6,0,10,2024,1,9,1,2,0,6,11,4
1022,2024-01-09,85.71,0,100,2024,1,9,1,2,0,19,95,85
1023,2024-01-09,143.12,0,100,2024,1,9,1,2,0,2,103,103
1024,2024-01-09,72.52,0,25,2024,1,9,1,2,0,18,21,13
1000,2024-01-10,138.43,1,1,2024,1,10,2,2,0,26,0,0
1001,2024-01-10,67.57,1,75,2024,1,10,2,2,0,40,74,37
1002,2024-01-10,58.84,0,5,2024,1,10,2,2,0,16,7,0
1003,2024-01-10,55.76,1,1,2024,1,10,2,2,0,16,3,0
1004,2024-01-10,20.34,0,8,2024,1,10,2,2,0,9,9,7
1005,2024-01-10,32.94,0,65,2024,1,10,2,2,0,16,66,55
1006,2024-01-10,187.04,0,25,2024,1,10,2,2,0,19,25,14
1007,2024-01-10,20.78,1,7,2024,1,10,2,2,0,26,7,0
1008,2024-01-10,173.21,0,88,2024,1,10,2,2,0,2,91,90
1009,2024-01-10,59.68,1,92,2024,1,10,2,2,0,14,92,81
1010,2024-01-10,182.28,0,100,2024,1,10,2,2,0,15,96,86
1011,2024-01-10,44.06,1,90,2024,1,10,2,2,0,19,86,79
1012,2024-01-10,21.94,0,8,2024,1,10,2,2,0,8,7,8
1013,2024-01-10,80.74,0,82,2024,1,10,2,2,0,18,80,69
1014,2024-01-10,141.87,0,12,2024,1,10,2,2,0,20,8,0
1015,2024-01-10,27.82,0,29,2024,1,10,2,2,0,7,26,29
1016,2024-01-10,30.19,0,18,2024,1,10,2,2,0,6,19,17
1017,2024-01-10,22.68,0,7,2024,1,10,2,2,0,20,9,0
1018,2024-01-10,44.2,0,15,2024,1,10,2,2,0,20,15,0
1019,2024-01-10,100.19,0,16,2024,1,10,2,2,0,13,15,9
1020,2024-01-10,116.22,1,3,2024,1,10,2,2,0,32,0,0
1021,2024-01-10,21.24,1,100,2024,1,10,2,2,0,27,102,81
1022,2024-01-10,77.14,1,87,2024,1,10,2,2,0,19,84,75
1023,2024-01-10,128.81,1,94,2024,1,10,2,2,0,25,94,76
1024,2024-01-10,72.52,0,23,2024,1,10,2,2,0,7,20,22
1000,2024-01-11,153.81,0,100,2024,1,11,3,2,0,17,101,86
1001,2024-01-11,75.08,0,75,2024,1,11,3,2,0,16,76,60
1002,2024-01-11,58.84,0,100,2024,1,11,3,2,0,5,103,97
1003,2024-01-11,61.96,0,100,2024,1,11,3,2,0,3,99,102
1004,2024-01-11,20.34,0,100,2024,1,11,3,2,0,4,102,100
1005,2024-01-11,32.94,0,64,2024,1,11,3,2,0,6,68,65
1006,2024-01-11,187.04,0,22,2024,1,11,3,2,0,18,26,9
1007,2024-01-11,23.09,0,100,2024,1,11,3,2,0,13,102,92
1008,2024-01-11,173.21,0,81,2024,1,11,3,2,0,3,76,78
1009,2024-01-11,66.31,0,91,2024,1,11,3,2,0,10,90,84
1010,2024-01-11,182.28,0,85,2024,1,11,3,2,0,14,82,75
1011,2024-01-11,48.96,0,76,2024,1,11,3,2,0,21,71,57
1012,2024-01-11,21.94,0,7,2024,1,11,3,2,0,18,5,0
1013,2024-01-11,80.74,0,69,2024,1,11,3,2,0,4,71,65
1014,2024-01-11,141.87,0,100,2024,1,11,3,2,0,11,97,94
1015,2024-01-11,27.82,0,11,2024,1,11,3,2,0,5,15,11
1016,2024-01-11,30.19,0,17,2024,1,11,3,2,0,20,13,6
1017,2024-01-11,20.41,1,100,2024,1,11,3,2,0,18,103,86
1018,2024-01-11,44.2,0,6,2024,1,11,3,2,0,4,10,6
1019,2024-01-11,100.19,0,2,2024,1,11,3,2,0,10,1,1
1020,2024-01-11,129.13,0,100,2024,1,11,3,2,0,12,101,92
1021,2024-01-11,23.6,0,87,2024,1,11,3,2,0,19,83,73
1022,2024-01-11,85.71,0,84,2024,1,11,3,2,0,9,87,82
1023,2024-01-11,143.12,0,89,2024,1,11,3,2,0,11,92,79
1024,2024-01-11,72.52,0,11,2024,1,11,3,2,0,5,9,11
1000,2024-01-12,153.81,0,85,2024,1,12,4,2,0,18,83,67
1001,2024-01-12,75.08,0,73,2024,1,12,4,2,0,15,73,61
1002,2024-01-12,52.96,1,89,2024,1,12,4,2,0,24,93,74
1003,2024-01-12,61.96,0,93,2024,1,12,4,2,0,6,97,89
1004,2024-01-12,20.34,0,83,2024,1,12,4,2,0,16,87,75
1005,2024-01-12,32.94,0,54,2024,1,12,4,2,0,4,54,52
1006,2024-01-12,187.04,0,5,2024,1,12,4,2,0,8,0,2
1007,2024-01-12,23.09,0,99,2024,1,12,4,2,0,17,102,82
1008,2024-01-12,173.21,0,75,2024,1,12,4,2,0,16,71,64
1009,2024-01-12,59.68,1,85,2024,1,12,4,2,0,30,84,58
1010,2024-01-12,164.05,1,75,2024,1,12,4,2,0,25,78,57
1011,2024-01-12,48.96,0,61,2024,1,12,4,2,0,22,59,47
1012,2024-01-12,21.94,0,100,2024,1,12,4,2,0,18,97,85
1013,2024-01-12,72.67,1,56,2024,1,12,4,2,0,13,57,52
1014,2024-01-12,141.87,0,82,2024,1,12,4,2,0,3,82,88
1015,2024-01-12,25.04,1,100,2024,1,12,4,2,0,28,102,77
1016,2024-01-12,30.19,0,4,2024,1,12,4,2,0,20,1,0
1017,2024-01-12,22.68,0,81,2024,1,12,4,2,0,13,80,71
1018,2024-01-12,44.2,0,100,2024,1,12,4,2,0,9,104,97
1019,2024-01-12,100.19,0,100,2024,1,12,4,2,0,16,98,84
1020,2024-01-12,129.13,0,87,2024,1,12,4,2,0,12,85,82
1021,2024-01-12,21.24,1,83,2024,1,12,4,2,0,30,81,62
1022,2024-01-12,85.71,0,68,2024,1,12,4,2,0,3,72,70
1023,2024-01-12,143.12,0,79,2024,1,12,4,2,0,9,81,74
1024,2024-01-12,72.52,0,100,2024,1,12,4,2,0,14,100,95
1000,2024-01-13,153.81,0,66,2024,1,13,5,2,1,12,63,62
1001,2024-01-13,75.08,0,67,2024,1,13,5,2,1,7,71,61
1002,2024-01-13,58.84,0,77,2024,1,13,5,2,1,9,76,72
1003,2024-01-13,61.96,0,87,2024,1,13,5,2,1,6,87,86
1004,2024-01-13,18.31,1,64,2024,1,13,5,2,1,31,63,39
1005,2024-01-13,32.94,0,36,2024,1,13,5,2,1,16,36,24
1006,2024-01-13,187.04,0,100,2024,1,13,5,2,1,15,102,93
1007,2024-01-13,23.09,0,80,2024,1,13,5,2,1,6,81,74
1008,2024-01-13,173.21,0,70,2024,1,13,5,2,1,8,69,68
1009,2024-01-13,66.31,0,70,2024,1,13,5,2,1,18,74,61
1010,2024-01-13,164.05,1,69,2024,1,13,5,2,1,19,69,56
1011,2024-01-13,48.96,0,49,2024,1,13,5,2,1,21,47,31
1012,2024-01-13,21.94,0,99,2024,1,13,5,2,1,13,102,94
1013,2024-01-13,80.74,0,45,2024,1,13,5,2,1,21,43,28
1014,2024-01-13,141.87,0,79,2024,1,13,5,2,1,18,74,64
1015,2024-01-13,27.82,0,90,2024,1,13,5,2,1,22,91,74
1016,2024-01-13,30.19,0,2,2024,1,13,5,2,1,8,3,0
1017,2024-01-13,22.68,0,71,2024,1,13,5,2,1,12,69,61
1018,2024-01-13,39.78,1,100,2024,1,13,5,2,1,27,97,81
1019,2024-01-13,100.19,0,85,2024,1,13,5,2,1,2,87,90
1020,2024-01-13,129.13,0,87,2024,1,13,5,2,1,2,86,85
1021,2024-01-13,23.6,0,80,2024,1,13,5,2,1,18,84,68
1022,2024-01-13,77.14,1,61,2024,1,13,5,2,1,21,62,48
1023,2024-01-13,143.12,0,71,2024,1,13,5,2,1,17,69,61
1024,2024-01-13,72.52,0,83,2024,1,13,5,2,1,10,81,80
1000,2024-01-14,153.81,0,63,2024,1,14,6,2,1,13,65,55
1001,2024-01-14,67.57,1,52,2024,1,14,6,2,1,11,54,44
1002,2024-01-14,58.84,0,77,2024,1,14,6,2,1,18,73,66
1003,2024-01-14,61.96,0,82,2024,1,14,6,2,1,9,78,75
1004,2024-01-14,18.31,1,61,2024,1,14,6,2,1,17,58,52
1005,2024-01-14,29.65,1,26,2024,1,14,6,2,1,21,23,6
1006,2024-01-14,187.04,0,97,2024,1,14,6,2,1,12,92,86
1007,2024-01-14,23.09,0,78,2024,1,14,6,2,1,19,75,65
1008,2024-01-14,173.21,0,68,2024,1,14,6,2,1,19,68,58
1009,2024-01-14,66.31,0,56,2024,1,14,6,2,1,7,58,52
1010,2024-01-14,182.28,0,58,2024,1,14,6,2,1,14,62,53
1011,2024-01-14,48.96,0,37,2024,1,14,6,2,1,8,37,36
1012,2024-01-14,21.94,0,86,2024,1,14,6,2,1,18,85,76
1013,2024-01-14,80.74,0,44,2024,1,14,6,2,1,19,42,31
1014,2024-01-14,141.87,0,66,2024,1,14,6,2,1,15,63,55
1015,2024-01-14,27.82,0,87,2024,1,14,6,2,1,8,85,86
1016,2024-01-14,30.19,0,100,2024,1,14,6,2,1,15,101,88
1017,2024-01-14,20.41,1,60,2024,1,14,6,2,1,35,55,26
1018,2024-01-14,44.2,0,96,2024,1,14,6,2,1,19,97,82
1019,2024-01-14,90.17,1,67,2024,1,14,6,2,1,15,62,60
1020,2024-01-14,129.13,0,78,2024,1,14,6,2,1,5,74,73
1021,2024-01-14,23.6,0,69,2024,1,14,6,2,1,4,67,74
1022,2024-01-14,85.71,0,59,2024,1,14,6,2,1,7,54,58
1023,2024-01-14,143.12,0,58,2024,1,14,6,2,1,11,61,56
1024,2024-01-14,65.27,1,64,2024,1,14,6,2,1,28,64,44
1000,2024-01-15,153.81,0,61,2024,1,15,0,3,0,4,56,66
1001,2024-01-15,75.08,0,41,2024,1,15,0,3,0,4,36,45
1002,2024-01-15,58.84,0,61,2024,1,15,0,3,0,12,61,58
1003,2024-01-15,61.96,0,63,2024,1,15,0,3,0,21,61,44
1004,2024-01-15,20.34,0,59,2024,1,15,0,3,0,4,57,59
1005,2024-01-15,32.94,0,10,2024,1,15,0,3,0,8,10,9
1006,2024-01-15,187.04,0,97,2024,1,15,0,3,0,13,98,91
1007,2024-01-15,20.78,1,72,2024,1,15,0,3,0,18,75,57
1008,2024-01-15,155.89,1,60,2024,1,15,0,3,0,30,64,30
1009,2024-01-15,66.31,0,41,2024,1,15,0,3,0,18,40,23
1010,2024-01-15,182.28,0,51,2024,1,15,0,3,0,2,54,52
1011,2024-01-15,48.96,0,33,2024,1,15,0,3,0,20,31,18
1012,2024-01-15,21.94,0,75,2024,1,15,0,3,0,15,79,67
1013,2024-01-15,80.74,0,37,2024,1,15,0,3,0,20,33,22
1014,2024-01-15,127.68,1,57,2024,1,15,0,3,0,28,54,37
1015,2024-01-15,25.04,1,81,2024,1,15,0,3,0,12,76,77
1016,2024-01-15,30.19,0,97,2024,1,15,0,3,0,4,97,94
1017,2024-01-15,22.68,0,51,2024,1,15,0,3,0,22,51,38
1018,2024-01-15,44.2,0,80,2024,1,15,0,3,0,14,75,66
1019,2024-01-15,100.19,0,60,2024,1,15,0,3,0,6,57,55
1020,2024-01-15,129.13,0,65,2024,1,15,0,3,0,13,64,56
1021,2024-01-15,21.24,1,65,2024,1,15,0,3,0,20,62,48
1022,2024-01-15,77.14,1,42,2024,1,15,0,3,0,8,46,37
1023,2024-01-15,143.12,0,44,2024,1,15,0,3,0,2,41,50
1024,2024-01-15,65.27,1,48,2024,1,15,0,3,0,32,52,23
1000,2024-01-16,153.81,0,42,2024,1,16,1,3,0,10,39,37
1001,2024-01-16,75.08,0,23,2024,1,16,1,3,0,13,22,10
1002,2024-01-16,58.84,0,48,2024,1,16,1,3,0,14,47,35
1003,2024-01-16,61.96,0,63,2024,1,16,1,3,0,15,61,53
1004,2024-01-16,20.34,0,54,2024,1,16,1,3,0,15,49,40
1005,2024-01-16,32.94,0,100,2024,1,16,1,3,0,17,99,92
1006,2024-01-16,187.04,0,84,2024,1,16,1,3,0,2,88,86
1007,2024-01-16,23.09,0,54,2024,1,16,1,3,0,22,53,36
1008,2024-01-16,173.21,0,59,2024,1,16,1,3,0,18,57,46
1009,2024-01-16,59.68,1,24,2024,1,16,1,3,0,10,24,19
1010,2024-01-16,182.28,0,49,2024,1,16,1,3,0,17,53,37
1011,2024-01-16,48.96,0,15,2024,1,16,1,3,0,11,13,5
1012,2024-01-16,21.94,0,70,2024,1,16,1,3,0,13,71,66
1013,2024-01-16,80.74,0,19,2024,1,16,1,3,0,4,20,17
1014,2024-01-16,141.87,0,47,2024,1,16,1,3,0,20,43,32
1015,2024-01-16,27.82,0,63,2024,1,16,1,3,0,12,60,58
1016,2024-01-16,27.17,1,79,2024,1,16,1,3,0,28,74,51
1017,2024-01-16,22.68,0,32,2024,1,16,1,3,0,7,34,25
1018,2024-01-16,44.2,0,61,2024,1,16,1,3,0,21,64,41
1019,2024-01-16,90.17,1,53,2024,1,16,1,3,0,36,51,22
1020,2024-01-16,116.22,1,59,2024,1,16,1,3,0,19,59,48
1021,2024-01-16,23.6,0,60,2024,1,16,1,3,0,7,63,56
1022,2024-01-16,85.71,0,33,2024,1,16,1,3,0,6,33,29
1023,2024-01-16,143.12,0,38,2024,1,16,1,3,0,11,41,34
1024,2024-01-16,72.52,0,32,2024,1,16,1,3,0,7,30,34
1000,2024-01-17,138.43,1,32,2024,1,17,2,3,0,25,34,15
1001,2024-01-17,75.08,0,8,2024,1,17,2,3,0,5,11,7
1002,2024-01-17,58.84,0,32,2024,1,17,2,3,0,19,30,21
1003,2024-01-17,55.76,1,50,2024,1,17,2,3,0,24,49,27
1004,2024-01-17,18.31,1,41,2024,1,17,2,3,0,37,43,6
1005,2024-01-17,32.94,0,97,2024,1,17,2,3,0,7,101,96
1006,2024-01-17,187.04,0,65,2024,1,17,2,3,0,18,65,53
1007,2024-01-17,23.09,0,38,2024,1,17,2,3,0,20,39,23
1008,2024-01-17,173.21,0,51,2024,1,17,2,3,0,7,48,49
1009,2024-01-17,66.31,0,14,2024,1,17,2,3,0,7,15,8
1010,2024-01-17,182.28,0,47,2024,1,17,2,3,0,12,49,44
1011,2024-01-17,48.96,0,3,2024,1,17,2,3,0,20,7,0
1012,2024-01-17,21.94,0,57,2024,1,17,2,3,0,16,57,44
1013,2024-01-17,80.74,0,14,2024,1,17,2,3,0,5,18,11
1014,2024-01-17,127.68,1,40,2024,1,17,2,3,0,20,43,21
1015,2024-01-17,27.82,0,54,2024,1,17,2,3,0,20,54,34
1016,2024-01-17,27.17,1,71,2024,1,17,2,3,0,29,74,46
1017,2024-01-17,22.68,0,31,2024,1,17,2,3,0,19,29,13
1018,2024-01-17,44.2,0,53,2024,1,17,2,3,0,16,55,38
1019,2024-01-17,90.17,1,42,2024,1,17,2,3,0,31,40,17
1020,2024-01-17,129.13,0,45,2024,1,17,2,3,0,18,41,34
1021,2024-01-17,23.6,0,43,2024,1,17,2,3,0,7,47,45
1022,2024-01-17,77.14,1,31,2024,1,17,2,3,0,21,34,17
1023,2024-01-17,143.12,0,28,2024,1,17,2,3,0,10,27,21
1024,2024-01-17,72.52,0,19,2024,1,17,2,3,0,21,17,0
1000,2024-01-18,153.81,0,32,2024,1,18,3,3,0,12,28,26
1001,2024-01-18,75.08,0,100,2024,1,18,3,3,0,11,95,89
1002,2024-01-18,58.84,0,19,2024,1,18,3,3,0,9,20,13
1003,2024-01-18,61.96,0,32,2024,1,18,3,3,0,16,32,23
1004,2024-01-18,20.34,0,26,2024,1,18,3,3,0,22,22,5
1005,2024-01-18,32.94,0,96,2024,1,18,3,3,0,18,98,83
1006,2024-01-18,187.04,0,59,2024,1,18,3,3,0,16,57,48
1007,2024-01-18,23.09,0,32,2024,1,18,3,3,0,8,34,32
1008,2024-01-18,173.21,0,48,2024,1,18,3,3,0,3,49,49
1009,2024-01-18,66.31,0,7,2024,1,18,3,3,0,14,6,2
1010,2024-01-18,182.28,0,41,2024,1,18,3,3,0,4,45,40
1011,2024-01-18,48.96,0,100,2024,1,18,3,3,0,19,104,85
1012,2024-01-18,21.94,0,40,2024,1,18,3,3,0,10,42,39
1013,2024-01-18,80.74,0,13,2024,1,18,3,3,0,15,16,2
1014,2024-01-18,141.87,0,37,2024,1,18,3,3,0,11,36,33
1015,2024-01-18,27.82,0,41,2024,1,18,3,3,0,10,45,40
1016,2024-01-18,30.19,0,56,2024,1,18,3,3,0,17,55,46
1017,2024-01-18,22.68,0,13,2024,1,18,3,3,0,8,9,6
1018,2024-01-18,39.78,1,40,2024,1,18,3,3,0,25,39,21
1019,2024-01-18,100.19,0,36,2024,1,18,3,3,0,12,33,31
1020,2024-01-18,129.13,0,29,2024,1,18,3,3,0,12,30,22
1021,2024-01-18,23.6,0,42,2024,1,18,3,3,0,21,46,25
1022,2024-01-18,77.14,1,14,2024,1,18,3,3,0,33,13,0
1023,2024-01-18,143.12,0,28,2024,1,18,3,3,0,13,30,17
1024,2024-01-18,72.52,0,1,2024,1,18,3,3,0,11,0,0
1000,2024-01-19,153.81,0,18,2024,1,19,4,3,0,10,15,11
1001,2024-01-19,75.08,0,86,2024,1,19,4,3,0,14,83,80
1002,2024-01-19,58.84,0,100,2024,1,19,4,3,0,19,103,86
1003,2024-01-19,61.96,0,25,2024,1,19,4,3,0,8,24,24
1004,2024-01-19,20.34,0,22,2024,1,19,4,3,0,10,25,18
1005,2024-01-19,29.65,1,82,2024,1,19,4,3,0,32,85,51
1006,2024-01-19,168.34,1,48,2024,1,19,4,3,0,30,43,20
1007,2024-01-19,20.78,1,17,2024,1,19,4,3,0,32,13,0
1008,2024-01-19,173.21,0,40,2024,1,19,4,3,0,10,39,38
1009,2024-01-19,66.31,0,5,2024,1,19,4,3,0,11,3,0
1010,2024-01-19,182.28,0,23,2024,1,19,4,3,0,18,27,5
1011,2024-01-19,48.96,0,98,2024,1,19,4,3,0,5,101,95
1012,2024-01-19,19.75,1,27,2024,1,19,4,3,0,27,28,3
1013,2024-01-19,72.67,1,100,2024,1,19,4,3,0,17,100,86
1014,2024-01-19,141.87,0,23,2024,1,19,4,3,0,7,24,20
1015,2024-01-19,27.82,0,25,2024,1,19,4,3,0,22,20,5
1016,2024-01-19,27.17,1,46,2024,1,19,4,3,0,16,41,32
1017,2024-01-19,22.68,0,6,2024,1,19,4,3,0,19,8,0
1018,2024-01-19,44.2,0,28,2024,1,19,4,3,0,16,24,18
1019,2024-01-19,100.19,0,29,2024,1,19,4,3,0,2,33,36
1020,2024-01-19,129.13,0,28,2024,1,19,4,3,0,18,31,10
1021,2024-01-19,23.6,0,40,2024,1,19,4,3,0,10,41,31
1022,2024-01-19,85.71,0,4,2024,1,19,4,3,0,15,4,0
1023,2024-01-19,143.12,0,27,2024,1,19,4,3,0,5,22,25
1024,2024-01-19,72.52,0,100,2024,1,19,4,3,0,6,95,98
1000,2024-01-20,153.81,0,16,2024,1,20,5,3,1,6,12,11
1001,2024-01-20,67.57,1,76,2024,1,20,5,3,1,40,76,39
1002,2024-01-20,52.96,1,92,2024,1,20,5,3,1,34,92,58
1003,2024-01-20,61.96,0,14,2024,1,20,5,3,1,9,10,6
1004,2024-01-20,18.31,1,5,2024,1,20,5,3,1,18,0,0
1005,2024-01-20,32.94,0,68,2024,1,20,5,3,1,22,72,55
1006,2024-01-20,187.04,0,29,2024,1,20,5,3,1,7,28,31
1007,2024-01-20,23.09,0,13,2024,1,20,5,3,1,6,12,10
1008,2024-01-20,173.21,0,37,2024,1,20,5,3,1,13,33,27
1009,2024-01-20,66.31,0,3,2024,1,20,5,3,1,15,3,0
1010,2024-01-20,182.28,0,18,2024,1,20,5,3,1,18,21,9
1011,2024-01-20,48.96,0,81,2024,1,20,5,3,1,11,77,78
1012,2024-01-20,21.94,0,23,2024,1,20,5,3,1,12,27,19
1013,2024-01-20,80.74,0,84,2024,1,20,5,3,1,9,80,79
1014,2024-01-20,141.87,0,20,2024,1,20,5,3,1,2,17,27
1015,2024-01-20,27.82,0,10,2024,1,20,5,3,1,6,11,4
1016,2024-01-20,30.19,0,36,2024,1,20,5,3,1,16,36,20
1017,2024-01-20,22.68,0,1,2024,1,20,5,3,1,20,3,0
1018,2024-01-20,44.2,0,21,2024,1,20,5,3,1,4,23,18
1019,2024-01-20,100.19,0,19,2024,1,20,5,3,1,7,19,19
1020,2024-01-20,116.22,1,16,2024,1,20,5,3,1,18,20,6
1021,2024-01-20,23.6,0,33,2024,1,20,5,3,1,15,30,21
1022,2024-01-20,85.71,0,3,2024,1,20,5,3,1,15,0,0
1023,2024-01-20,143.12,0,14,2024,1,20,5,3,1,14,9,7
1024,2024-01-20,72.52,0,81,2024,1,20,5,3,1,17,82,66
1000,2024-01-21,138.43,1,5,2024,1,21,6,3,1,31,4,0
1001,2024-01-21,75.08,0,58,2024,1,21,6,3,1,13,56,47
1002,2024-01-21,52.96,1,82,2024,1,21,6,3,1,28,86,63
1003,2024-01-21,61.96,0,14,2024,1,21,6,3,1,6,12,10
1004,2024-01-21,20.34,0,100,2024,1,21,6,3,1,6,98,96
1005,2024-01-21,32.94,0,59,2024,1,21,6,3,1,22,59,43
1006,2024-01-21,187.04,0,29,2024,1,21,6,3,1,18,31,17
1007,2024-01-21,20.78,1,11,2024,1,21,6,3,1,31,13,0
1008,2024-01-21,155.89,1,31,2024,1,21,6,3,1,19,30,21
1009,2024-01-21,66.31,0,100,2024,1,21,6,3,1,19,100,88
1010,2024-01-21,182.28,0,4,2024,1,21,6,3,1,14,2,0
1011,2024-01-21,48.96,0,81,2024,1,21,6,3,1,18,84,67
1012,2024-01-21,19.75,1,21,2024,1,21,6,3,1,26,23,0
1013,2024-01-21,80.74,0,78,2024,1,21,6,3,1,5,82,79
1014,2024-01-21,141.87,0,18,2024,1,21,6,3,1,17,22,10
1015,2024-01-21,27.82,0,100,2024,1,21,6,3,1,14,95,89
1016,2024-01-21,30.19,0,26,2024,1,21,6,3,1,15,22,12
1017,2024-01-21,22.68,0,1,2024,1,21,6,3,1,13,4,0
1018,2024-01-21,44.2,0,3,2024,1,21,6,3,1,19,5,0
1019,2024-01-21,100.19,0,8,2024,1,21,6,3,1,9,5,7
1020,2024-01-21,129.13,0,6,2024,1,21,6,3,1,7,8,1
1021,2024-01-21,23.6,0,22,2024,1,21,6,3,1,15,17,13
1022,2024-01-21,85.71,0,100,2024,1,21,6,3,1,10,104,98
1023,2024-01-21,128.81,1,3,2024,1,21,6,3,1,13,1,0
1024,2024-01-21,72.52,0,68,2024,1,21,6,3,1,10,65,67
1000,2024-01-22,138.43,1,100,2024,1,22,0,4,0,26,100,76
1001,2024-01-22,75.08,0,40,2024,1,22,0,4,0,7,41,37
1002,2024-01-22,58.84,0,69,2024,1,22,0,4,0,11,67,58
1003,2024-01-22,61.96,0,1,2024,1,22,0,4,0,6,2,0
1004,2024-01-22,18.31,1,84,2024,1,22,0,4,0,35,87,56
1005,2024-01-22,32.94,0,53,2024,1,22,0,4,0,12,49,48
1006,2024-01-22,187.04,0,20,2024,1,22,0,4,0,1,17,22
1007,2024-01-22,23.09,0,4,2024,1,22,0,4,0,16,3,0
1008,2024-01-22,173.21,0,21,2024,1,22,0,4,0,16,18,12
1009,2024-01-22,66.31,0,83,2024,1,22,0,4,0,15,85,75
1010,2024-01-22,164.05,1,100,2024,1,22,0,4,0,37,104,72
1011,2024-01-22,48.96,0,63,2024,1,22,0,4,0,6,65,60
1012,2024-01-22,21.94,0,13,2024,1,22,0,4,0,9,15,6
1013,2024-01-22,80.74,0,69,2024,1,22,0,4,0,20,72,50
1014,2024-01-22,141.87,0,100,2024,1,22,0,4,0,20,98,88
1015,2024-01-22,27.82,0,83,2024,1,22,0,4,0,8,82,75
1016,2024-01-22,30.19,0,21,2024,1,22,0,4,0,18,20,9
1017,2024-01-22,20.41,1,100,2024,1,22,0,4,0,21,102,83
1018,2024-01-22,44.2,0,1,2024,1,22,0,4,0,13,2,0
1019,2024-01-22,100.19,0,1,2024,1,22,0,4,0,19,4,0
1020,2024-01-22,129.13,0,100,2024,1,22,0,4,0,14,102,92
1021,2024-01-22,23.6,0,18,2024,1,22,0,4,0,8,14,14
1022,2024-01-22,77.14,1,94,2024,1,22,0,4,0,12,98,86
1023,2024-01-22,143.12,0,2,2024,1,22,0,4,0,2,0,8
1024,2024-01-22,72.52,0,58,2024,1,22,0,4,0,20,58,46
1000,2024-01-23,153.81,0,85,2024,1,23,1,4,0,15,81,78
1001,2024-01-23,75.08,0,37,2024,1,23,1,4,0,19,38,23
1002,2024-01-23,58.84,0,65,2024,1,23,1,4,0,13,62,57
1003,2024-01-23,55.76,1,1,2024,1,23,1,4,0,38,0,0
1004,2024-01-23,18.31,1,75,2024,1,23,1,4,0,21,71,62
1005,2024-01-23,32.94,0,42,2024,1,23,1,4,0,4,44,47
1006,2024-01-23,187.04,0,19,2024,1,23,1,4,0,2,19,24
1007,2024-01-23,23.09,0,100,2024,1,23,1,4,0,12,95,94
1008,2024-01-23,173.21,0,20,2024,1,23,1,4,0,3,15,23
1009,2024-01-23,66.31,0,72,2024,1,23,1,4,0,3,73,74
1010,2024-01-23,182.28,0,84,2024,1,23,1,4,0,16,86,72
1011,2024-01-23,44.06,1,60,2024,1,23,1,4,0,25,59,38
1012,2024-01-23,19.75,1,6,2024,1,23,1,4,0,44,5,0
1013,2024-01-23,80.74,0,63,2024,1,23,1,4,0,7,61,58
1014,2024-01-23,141.87,0,93,2024,1,23,1,4,0,6,93,92
1015,2024-01-23,25.04,1,67,2024,1,23,1,4,0,32,67,38
1016,2024-01-23,30.19,0,13,2024,1,23,1,4,0,6,10,12
1017,2024-01-23,22.68,0,87,2024,1,23,1,4,0,8,90,81
1018,2024-01-23,44.2,0,100,2024,1,23,1,4,0,8,101,95
1019,2024-01-23,100.19,0,100,2024,1,23,1,4,0,11,95,97
1020,2024-01-23,129.13,0,83,2024,1,23,1,4,0,11,84,76
1021,2024-01-23,21.24,1,15,2024,1,23,1,4,0,41,14,0
1022,2024-01-23,85.71,0,83,2024,1,23,1,4,0,19,82,73
1023,2024-01-23,143.12,0,100,2024,1,23,1,4,0,15,96,86
1024,2024-01-23,65.27,1,49,2024,1,23,1,4,0,21,47,32
1000,2024-01-24,153.81,0,74,2024,1,24,2,4,0,14,74,68
1001,2024-01-24,75.08,0,30,2024,1,24,2,4,0,3,34,29
1002,2024-01-24,58.84,0,47,2024,1,24,2,4,0,21,48,34
1003,2024-01-24,55.76,1,100,2024,1,24,2,4,0,38,99,67
1004,2024-01-24,20.34,0,62,2024,1,24,2,4,0,16,65,49
1005,2024-01-24,32.94,0,38,2024,1,24,2,4,0,7,35,37
1006,2024-01-24,187.04,0,18,2024,1,24,2,4,0,1,13,24
1007,2024-01-24,23.09,0,83,2024,1,24,2,4,0,20,81,68
1008,2024-01-24,173.21,0,20,2024,1,24,2,4,0,8,23,16
1009,2024-01-24,66.31,0,53,2024,1,24,2,4,0,4,51,54
1010,2024-01-24,164.05,1,70,2024,1,24,2,4,0,13,66,61
1011,2024-01-24,48.96,0,60,2024,1,24,2,4,0,10,64,57
1012,2024-01-24,21.94,0,1,2024,1,24,2,4,0,5,0,0
1013,2024-01-24,80.74,0,49,2024,1,24,2,4,0,5,46,50
1014,2024-01-24,141.87,0,87,2024,1,24,2,4,0,19,90,77
1015,2024-01-24,27.82,0,67,2024,1,24,2,4,0,15,65,61
1016,2024-01-24,30.19,0,100,2024,1,24,2,4,0,4,100,97
1017,2024-01-24,20.41,1,78,2024,1,24,2,4,0,33,74,53
1018,2024-01-24,44.2,0,96,2024,1,24,2,4,0,8,96,88
1019,2024-01-24,100.19,0,91,2024,1,24,2,4,0,18,88,82
1020,2024-01-24,116.22,1,72,2024,1,24,2,4,0,26,75,51
1021,2024-01-24,23.6,0,100,2024,1,24,2,4,0,18,96,90
1022,2024-01-24,85.71,0,66,2024,1,24,2,4,0,17,69,49
1023,2024-01-24,143.12,0,89,2024,1,24,2,4,0,6,88,86
1024,2024-01-24,72.52,0,34,2024,1,24,2,4,0,16,36,21
1000,2024-01-25,153.81,0,58,2024,1,25,3,4,0,2,54,64
1001,2024-01-25,67.57,1,18,2024,1,25,3,4,0,31,18,0
1002,2024-01-25,58.84,0,43,2024,1,25,3,4,0,21,40,26
1003,2024-01-25,61.96,0,98,2024,1,25,3,4,0,9,102,94
1004,2024-01-25,20.34,0,45,2024,1,25,3,4,0,9,44,36
1005,2024-01-25,32.94,0,37,2024,1,25,3,4,0,5,39,32
1006,2024-01-25,187.04,0,6,2024,1,25,3,4,0,6,10,8
1007,2024-01-25,20.78,1,83,2024,1,25,3,4,0,42,78,43
1008,2024-01-25,173.21,0,7,2024,1,25,3,4,0,2,6,8
1009,2024-01-25,66.31,0,47,2024,1,25,3,4,0,20,44,27
1010,2024-01-25,182.28,0,63,2024,1,25,3,4,0,15,61,56
1011,2024-01-25,44.06,1,60,2024,1,25,3,4,0,31,56,36
1012,2024-01-25,19.75,1,100,2024,1,25,3,4,0,10,103,91
1013,2024-01-25,80.74,0,39,2024,1,25,3,4,0,8,36,38
1014,2024-01-25,141.87,0,73,2024,1,25,3,4,0,2,69,77
1015,2024-01-25,27.82,0,63,2024,1,25,3,4,0,18,67,50
1016,2024-01-25,30.19,0,99,2024,1,25,3,4,0,13,102,86
1017,2024-01-25,22.68,0,63,2024,1,25,3,4,0,22,64,47
1018,2024-01-25,44.2,0,95,2024,1,25,3,4,0,20,95,84
1019,2024-01-25,90.17,1,82,2024,1,25,3,4,0,21,77,67
1020,2024-01-25,116.22,1,72,2024,1,25,3,4,0,12,71,68
1021,2024-01-25,23.6,0,95,2024,1,25,3,4,0,13,92,82
1022,2024-01-25,85.71,0,57,2024,1,25,3,4,0,19,52,39
1023,2024-01-25,143.12,0,83,2024,1,25,3,4,0,11,81,80
1024,2024-01-25,72.52,0,20,2024,1,25,3,4,0,19,16,9
1000,2024-01-26,153.81,0,42,2024,1,26,4,4,0,5,38,42
1001,2024-01-26,75.08,0,18,2024,1,26,4,4,0,4,15,19
1002,2024-01-26,52.96,1,39,2024,1,26,4,4,0,13,41,29
1003,2024-01-26,61.96,0,81,2024,1,26,4,4,0,4,83,80
1004,2024-01-26,20.34,0,42,2024,1,26,4,4,0,16,43,30
1005,2024-01-26,32.94,0,27,2024,1,26,4,4,0,14,27,15
1006,2024-01-26,187.04,0,100,2024,1,26,4,4,0,11,103,89
1007,2024-01-26,23.09,0,73,2024,1,26,4,4,0,19,71,54
1008,2024-01-26,173.21,0,100,2024,1,26,4,4,0,11,95,95
1009,2024-01-26,66.31,0,47,2024,1,26,4,4,0,21,49,26
1010,2024-01-26,164.05,1,59,2024,1,26,4,4,0,30,60,29
1011,2024-01-26,48.96,0,55,2024,1,26,4,4,0,19,56,38
1012,2024-01-26,21.94,0,96,2024,1,26,4,4,0,14,93,91
1013,2024-01-26,80.74,0,27,2024,1,26,4,4,0,18,25,12
1014,2024-01-26,141.87,0,58,2024,1,26,4,4,0,9,62,52
1015,2024-01-26,25.04,1,60,2024,1,26,4,4,0,16,63,45
1016,2024-01-26,30.19,0,91,2024,1,26,4,4,0,11,91,80
1017,2024-01-26,22.68,0,48,2024,1,26,4,4,0,7,47,43
1018,2024-01-26,44.2,0,89,2024,1,26,4,4,0,6,86,86
1019,2024-01-26,100.19,0,74,2024,1,26,4,4,0,4,77,72
1020,2024-01-26,129.13,0,66,2024,1,26,4,4,0,19,65,54
1021,2024-01-26,23.6,0,94,2024,1,26,4,4,0,22,93,81
1022,2024-01-26,85.71,0,50,2024,1,26,4,4,0,21,48,29
1023,2024-01-26,143.12,0,71,2024,1,26,4,4,0,6,69,66
1024,2024-01-26,65.27,1,10,2024,1,26,4,4,0,42,5,0
1000,2024-01-27,153.81,0,24,2024,1,27,5,4,1,10,25,17
1001,2024-01-27,75.08,0,9,2024,1,27,5,4,1,8,12,8
1002,2024-01-27,58.84,0,37,2024,1,27,5,4,1,3,34,36
1003,2024-01-27,61.96,0,73,2024,1,27,5,4,1,7,69,71
1004,2024-01-27,20.34,0,25,2024,1,27,5,4,1,12,22,21
1005,2024-01-27,29.65,1,21,2024,1,27,5,4,1,20,16,1
1006,2024-01-27,168.34,1,81,2024,1,27,5,4,1,21,81,60
1007,2024-01-27,23.09,0,59,2024,1,27,5,4,1,5,60,61
1008,2024-01-27,173.21,0,81,2024,1,27,5,4,1,17,77,66
1009,2024-01-27,66.31,0,42,2024,1,27,5,4,1,16,44,30
1010,2024-01-27,182.28,0,54,2024,1,27,5,4,1,13,54,41
1011,2024-01-27,48.96,0,43,2024,1,27,5,4,1,12,41,35
1012,2024-01-27,21.94,0,86,2024,1,27,5,4,1,18,85,73
1013,2024-01-27,80.74,0,8,2024,1,27,5,4,1,17,10,0
1014,2024-01-27,127.68,1,49,2024,1,27,5,4,1,28,46,23
1015,2024-01-27,27.82,0,41,2024,1,27,5,4,1,19,38,24
1016,2024-01-27,30.19,0,91,2024,1,27,5,4,1,20,89,80
1017,2024-01-27,22.68,0,30,2024,1,27,5,4,1,7,25,31
1018,2024-01-27,44.2,0,83,2024,1,27,5,4,1,4,86,82
1019,2024-01-27,90.17,1,62,2024,1,27,5,4,1,16,64,49
1020,2024-01-27,129.13,0,62,2024,1,27,5,4,1,18,64,50
1021,2024-01-27,23.6,0,93,2024,1,27,5,4,1,6,97,88
1022,2024-01-27,85.71,0,33,2024,1,27,5,4,1,17,33,23
1023,2024-01-27,128.81,1,56,2024,1,27,5,4,1,31,57,30
1024,2024-01-27,72.52,0,8,2024,1,27,5,4,1,16,8,0
1000,2024-01-28,153.81,0,12,2024,1,28,6,4,1,14,15,6
1001,2024-01-28,75.08,0,100,2024,1,28,6,4,1,4,97,100
1002,2024-01-28,58.84,0,32,2024,1,28,6,4,1,15,29,24
1003,2024-01-28,61.96,0,71,2024,1,28,6,4,1,16,68,61
1004,2024-01-28,18.31,1,6,2024,1,28,6,4,1,46,10,0
1005,2024-01-28,32.94,0,8,2024,1,28,6,4,1,10,5,4
1006,2024-01-28,168.34,1,62,2024,1,28,6,4,1,25,65,39
1007,2024-01-28,20.78,1,52,2024,1,28,6,4,1,32,50,21
1008,2024-01-28,173.21,0,70,2024,1,28,6,4,1,14,71,62
1009,2024-01-28,59.68,1,23,2024,1,28,6,4,1,35,26,0
1010,2024-01-28,182.28,0,38,2024,1,28,6,4,1,15,39,25
1011,2024-01-28,48.96,0,27,2024,1,28,6,4,1,16,30,12
1012,2024-01-28,21.94,0,74,2024,1,28,6,4,1,21,71,56
1013,2024-01-28,80.74,0,1,2024,1,28,6,4,1,8,0,0
1014,2024-01-28,141.87,0,31,2024,1,28,6,4,1,4,33,27
1015,2024-01-28,27.82,0,39,2024,1,28,6,4,1,22,39,17
1016,2024-01-28,30.19,0,77,2024,1,28,6,4,1,18,76,63
1017,2024-01-28,22.68,0,25,2024,1,28,6,4,1,8,23,21
1018,2024-01-28,44.2,0,73,2024,1,28,6,4,1,13,75,60
1019,2024-01-28,100.19,0,47,2024,1,28,6,4,1,8,42,44
1020,2024-01-28,129.13,0,62,2024,1,28,6,4,1,18,65,44
1021,2024-01-28,23.6,0,79,2024,1,28,6,4,1,10,74,73
1022,2024-01-28,77.14,1,21,2024,1,28,6,4,1,35,23,0
1023,2024-01-28,143.12,0,48,2024,1,28,6,4,1,18,46,34
1024,2024-01-28,65.27,1,100,2024,1,28,6,4,1,34,103,71
1000,2024-01-29,153.81,0,11,2024,1,29,0,5,0,4,10,14
1001,2024-01-29,75.08,0,98,2024,1,29,0,5,0,12,95,86
1002,2024-01-29,52.96,1,31,2024,1,29,0,5,0,21,34,11
1003,2024-01-29,55.76,1,71,2024,1,29,0,5,0,23,74,56
1004,2024-01-29,20.34,0,5,2024,1,29,0,5,0,16,3,0
1005,2024-01-29,32.94,0,100,2024,1,29,0,5,0,21,98,84
1006,2024-01-29,187.04,0,54,2024,1,29,0,5,0,15,56,43
1007,2024-01-29,20.78,1,40,2024,1,29,0,5,0,12,36,29
1008,2024-01-29,173.21,0,55,2024,1,29,0,5,0,15,58,46
1009,2024-01-29,66.31,0,13,2024,1,29,0,5,0,4,13,12
1010,2024-01-29,182.28,0,35,2024,1,29,0,5,0,15,38,20
1011,2024-01-29,48.96,0,12,2024,1,29,0,5,0,11,14,4
1012,2024-01-29,21.94,0,62,2024,1,29,0,5,0,11,63,56
1013,2024-01-29,80.74,0,100,2024,1,29,0,5,0,19,95,87
1014,2024-01-29,127.68,1,21,2024,1,29,0,5,0,19,18,8
1015,2024-01-29,25.04,1,28,2024,1,29,0,5,0,44,24,0
1016,2024-01-29,27.17,1,60,2024,1,29,0,5,0,23,59,39
1017,2024-01-29,22.68,0,15,2024,1,29,0,5,0,12,14,8
1018,2024-01-29,44.2,0,62,2024,1,29,0,5,0,8,61,61
1019,2024-01-29,100.19,0,41,2024,1,29,0,5,0,7,39,37
1020,2024-01-29,116.22,1,55,2024,1,29,0,5,0,23,54,39
1021,2024-01-29,21.24,1,69,2024,1,29,0,5,0,33,66,37
1022,2024-01-29,77.14,1,12,2024,1,29,0,5,0,21,7,0
1023,2024-01-29,143.12,0,45,2024,1,29,0,5,0,6,44,47
1024,2024-01-29,72.52,0,98,2024,1,29,0,5,0,3,101,103
1000,2024-01-30,153.81,0,100,2024,1,30,1,5,0,6,103,101
1001,2024-01-30,75.08,0,95,2024,1,30,1,5,0,8,93,96
1002,2024-01-30,58.84,0,30,2024,1,30,1,5,0,18,27,21
1003,2024-01-30,61.96,0,61,2024,1,30,1,5,0,6,56,55
1004,2024-01-30,20.34,0,100,2024,1,30,1,5,0,14,96,87
1005,2024-01-30,32.94,0,94,2024,1,30,1,5,0,12,96,87
1006,2024-01-30,187.04,0,37,2024,1,30,1,5,0,3,32,43
1007,2024-01-30,23.09,0,39,2024,1,30,1,5,0,22,41,21
1008,2024-01-30,155.89,1,36,2024,1,30,1,5,0,18,37,26
1009,2024-01-30,66.31,0,11,2024,1,30,1,5,0,7,13,8
1010,2024-01-30,164.05,1,24,2024,1,30,1,5,0,26,24,0
1011,2024-01-30,48.96,0,11,2024,1,30,1,5,0,9,14,11
1012,2024-01-30,21.94,0,56,2024,1,30,1,5,0,5,53,54
1013,2024-01-30,80.74,0,99,2024,1,30,1,5,0,13,103,94
1014,2024-01-30,141.87,0,11,2024,1,30,1,5,0,5,9,6
1015,2024-01-30,25.04,1,19,2024,1,30,1,5,0,33,19,0
1016,2024-01-30,30.19,0,58,2024,1,30,1,5,0,9,60,55
1017,2024-01-30,22.68,0,5,2024,1,30,1,5,0,20,4,0
1018,2024-01-30,44.2,0,60,2024,1,30,1,5,0,9,57,60
1019,2024-01-30,100.19,0,33,2024,1,30,1,5,0,20,33,14
1020,2024-01-30,129.13,0,39,2024,1,30,1,5,0,3,37,44
1021,2024-01-30,23.6,0,55,2024,1,30,1,5,0,18,58,39
1022,2024-01-30,85.71,0,2,2024,1,30,1,5,0,13,0,0
1023,2024-01-30,143.12,0,34,2024,1,30,1,5,0,9,32,32
1024,2024-01-30,72.52,0,81,2024,1,30,1,5,0,21,82,69
1000,2024-01-31,153.81,0,98,2024,1,31,2,5,0,13,99,90
1001,2024-01-31,75.08,0,85,2024,1,31,2,5,0,14,83,76
1002,2024-01-31,58.84,0,30,2024,1,31,2,5,0,7,30,32
1003,2024-01-31,55.76,1,55,2024,1,31,2,5,0,24,52,37
1004,2024-01-31,20.34,0,98,2024,1,31,2,5,0,7,98,97
1005,2024-01-31,29.65,1,91,2024,1,31,2,5,0,37,87,59
1006,2024-01-31,187.04,0,18,2024,1,31,2,5,0,1,20,20
1007,2024-01-31,23.09,0,28,2024,1,31,2,5,0,20,24,16
1008,2024-01-31,173.21,0,19,2024,1,31,2,5,0,12,20,12
1009,2024-01-31,66.31,0,7,2024,1,31,2,5,0,17,10,0
1010,2024-01-31,182.28,0,21,2024,1,31,2,5,0,1,16,22
1011,2024-01-31,48.96,0,100,2024,1,31,2,5,0,17,102,86
1012,2024-01-31,21.94,0,49,2024,1,31,2,5,0,9,50,42
1013,2024-01-31,80.74,0,95,2024,1,31,2,5,0,7,95,89
1014,2024-01-31,141.87,0,7,2024,1,31,2,5,0,12,7,0
1015,2024-01-31,27.82,0,3,2024,1,31,2,5,0,7,3,0
1016,2024-01-31,30.19,0,49,2024,1,31,2,5,0,16,52,38
1017,2024-01-31,22.68,0,100,2024,1,31,2,5,0,14,96,88
1018,2024-01-31,44.2,0,43,2024,1,31,2,5,0,6,38,42
1019,2024-01-31,90.17,1,32,2024,1,31,2,5,0,19,32,22
1020,2024-01-31,129.13,0,23,2024,1,31,2,5,0,7,27,24
1021,2024-01-31,21.24,1,46,2024,1,31,2,5,0,27,48,19
1022,2024-01-31,85.71,0,100,2024,1,31,2,5,0,12,97,93
1023,2024-01-31,143.12,0,25,2024,1,31,2,5,0,6,29,27
1024,2024-01-31,72.52,0,74,2024,1,31,2,5,0,12,69,65
1000,2024-02-01,153.81,0,81,2024,2,1,3,5,0,12,84,70
1001,2024-02-01,75.08,0,76,2024,2,1,3,5,0,4,71,75
1002,2024-02-01,58.84,0,19,2024,2,1,3,5,0,15,16,4
1003,2024-02-01,61.96,0,42,2024,2,1,3,5,0,10,44,34
1004,2024-02-01,18.31,1,92,2024,2,1,3,5,0,25,89,76
1005,2024-02-01,32.94,0,81,2024,2,1,3,5,0,4,79,85
1006,2024-02-01,187.04,0,16,2024,2,1,3,5,0,5,18,20
1007,2024-02-01,23.09,0,11,2024,2,1,3,5,0,12,6,3
1008,2024-02-01,155.89,1,13,2024,2,1,3,5,0,33,13,0
1009,2024-02-01,66.31,0,7,2024,2,1,3,5,0,11,2,0
1010,2024-02-01,164.05,1,14,2024,2,1,3,5,0,28,9,0
1011,2024-02-01,48.96,0,100,2024,2,1,3,5,0,18,102,89
1012,2024-02-01,19.75,1,47,2024,2,1,3,5,0,29,45,23
1013,2024-02-01,80.74,0,84,2024,2,1,3,5,0,5,79,82
1014,2024-02-01,127.68,1,1,2024,2,1,3,5,0,37,5,0
1015,2024-02-01,27.82,0,3,2024,2,1,3,5,0,8,4,3
1016,2024-02-01,30.19,0,42,2024,2,1,3,5,0,15,41,27
1017,2024-02-01,22.68,0,96,2024,2,1,3,5,0,21,95,75
1018,2024-02-01,44.2,0,42,2024,2,1,3,5,0,17,37,28
1019,2024-02-01,100.19,0,14,2024,2,1,3,5,0,12,18,8
1020,2024-02-01,129.13,0,14,2024,2,1,3,5,0,10,14,4
1021,2024-02-01,23.6,0,29,2024,2,1,3,5,0,5,32,32
1022,2024-02-01,77.14,1,88,2024,2,1,3,5,0,20,91,71
1023,2024-02-01,143.12,0,9,2024,2,1,3,5,0,4,11,7
1024,2024-02-01,72.52,0,55,2024,2,1,3,5,0,5,54,50
1000,2024-02-02,153.81,0,76,2024,2,2,4,5,0,1,71,84
1001,2024-02-02,67.57,1,75,2024,2,2,4,5,0,34,78,44
1002,2024-02-02,58.84,0,18,2024,2,2,4,5,0,10,13,16
1003,2024-02-02,61.96,0,33,2024,2,2,4,5,0,13,35,29
1004,2024-02-02,20.34,0,91,2024,2,2,4,5,0,12,90,84
1005,2024-02-02,29.65,1,71,2024,2,2,4,5,0,20,68,56
1006,2024-02-02,187.04,0,12,2024,2,2,4,5,0,14,13,0
1007,2024-02-02,23.09,0,10,2024,2,2,4,5,0,6,11,13
1008,2024-02-02,173.21,0,100,2024,2,2,4,5,0,5,103,96
1009,2024-02-02,59.68,1,100,2024,2,2,4,5,0,29,101,76
1010,2024-02-02,182.28,0,4,2024,2,2,4,5,0,19,1,0
1011,2024-02-02,48.96,0,87,2024,2,2,4,5,0,17,82,72
1012,2024-02-02,21.94,0,34,2024,2,2,4,5,0,7,36,30
1013,2024-02-02,80.74,0,73,2024,2,2,4,5,0,15,70,62
1014,2024-02-02,141.87,0,100,2024,2,2,4,5,0,11,102,97
1015,2024-02-02,27.82,0,100,2024,2,2,4,5,0,21,102,82
1016,2024-02-02,30.19,0,42,2024,2,2,4,5,0,11,41,39
1017,2024-02-02,22.68,0,88,2024,2,2,4,5,0,11,83,86
1018,2024-02-02,44.2,0,31,2024,2,2,4,5,0,10,35,23
1019,2024-02-02,100.19,0,1,2024,2,2,4,5,0,9,2,0
1020,2024-02-02,129.13,0,100,2024,2,2,4,5,0,15,104,85
1021,2024-02-02,23.6,0,17,2024,2,2,4,5,0,22,16,3
1022,2024-02-02,85.71,0,75,2024,2,2,4,5,0,8,77,75
1023,2024-02-02,143.12,0,100,2024,2,2,4,5,0,2,103,107
1024,2024-02-02,65.27,1,49,2024,2,2,4,5,0,25,50,25
1000,2024-02-03,153.81,0,71,2024,2,3,5,5,1,1,72,73
1001,2024-02-03,75.08,0,69,2024,2,3,5,5,1,19,64,57
1002,2024-02-03,58.84,0,18,2024,2,3,5,5,1,3,16,21
1003,2024-02-03,61.96,0,14,2024,2,3,5,5,1,17,10,0
1004,2024-02-03,20.34,0,91,2024,2,3,5,5,1,5,87,90
1005,2024-02-03,32.94,0,63,2024,2,3,5,5,1,17,59,52
1006,2024-02-03,187.04,0,2,2024,2,3,5,5,1,8,0,0
1007,2024-02-03,23.09,0,100,2024,2,3,5,5,1,11,95,89
1008,2024-02-03,155.89,1,84,2024,2,3,5,5,1,36,82,56
1009,2024-02-03,59.68,1,92,2024,2,3,5,5,1,22,88,74
1010,2024-02-03,182.28,0,2,2024,2,3,5,5,1,19,1,0
1011,2024-02-03,44.06,1,81,2024,2,3,5,5,1,28,78,60
1012,2024-02-03,21.94,0,32,2024,2,3,5,5,1,9,34,24
1013,2024-02-03,80.74,0,65,2024,2,3,5,5,1,5,63,62
1014,2024-02-03,141.87,0,96,2024,2,3,5,5,1,8,91,97
1015,2024-02-03,27.82,0,99,2024,2,3,5,5,1,22,94,77
1016,2024-02-03,30.19,0,35,2024,2,3,5,5,1,11,39,25
1017,2024-02-03,22.68,0,78,2024,2,3,5,5,1,13,75,71
1018,2024-02-03,44.2,0,19,2024,2,3,5,5,1,18,22,10
1019,2024-02-03,100.19,0,100,2024,2,3,5,5,1,16,101,85
1020,2024-02-03,116.22,1,85,2024,2,3,5,5,1,25,81,65
1021,2024-02-03,23.6,0,4,2024,2,3,5,5,1,10,7,0
1022,2024-02-03,85.71,0,56,2024,2,3,5,5,1,6,60,53
1023,2024-02-03,143.12,0,93,2024,2,3,5,5,1,7,89,93
1024,2024-02-03,72.52,0,30,2024,2,3,5,5,1,3,27,29
1000,2024-02-04,138.43,1,65,2024,2,4,6,5,1,29,69,45
1001,2024-02-04,75.08,0,67,2024,2,4,6,5,1,3,63,69
1002,2024-02-04,58.84,0,18,2024,2,4,6,5,1,6,15,12
1003,2024-02-04,61.96,0,3,2024,2,4,6,5,1,4,3,5
1004,2024-02-04,20.34,0,87,2024,2,4,6,5,1,13,90,81
1005,2024-02-04,32.94,0,61,2024,2,4,6,5,1,8,64,60
1006,2024-02-04,187.04,0,100,2024,2,4,6,5,1,10,101,92
1007,2024-02-04,20.78,1,81,2024,2,4,6,5,1,25,78,65
1008,2024-02-04,173.21,0,72,2024,2,4,6,5,1,6,70,66
1009,2024-02-04,66.31,0,91,2024,2,4,6,5,1,15,91,84
1010,2024-02-04,182.28,0,100,2024,2,4,6,5,1,15,99,90
1011,2024-02-04,48.96,0,67,2024,2,4,6,5,1,7,63,68
1012,2024-02-04,21.94,0,23,2024,2,4,6,5,1,16,23,13
1013,2024-02-04,80.74,0,49,2024,2,4,6,5,1,17,46,32
1014,2024-02-04,141.87,0,94,2024,2,4,6,5,1,9,96,85
1015,2024-02-04,27.82,0,96,2024,2,4,6,5,1,8,92,93
1016,2024-02-04,30.19,0,28,2024,2,4,6,5,1,18,23,14
1017,2024-02-04,22.68,0,68,2024,2,4,6,5,1,7,71,69
1018,2024-02-04,44.2,0,13,2024,2,4,6,5,1,15,10,0
1019,2024-02-04,90.17,1,84,2024,2,4,6,5,1,29,79,62
1020,2024-02-04,129.13,0,84,2024,2,4,6,5,1,3,85,85
1021,2024-02-04,23.6,0,100,2024,2,4,6,5,1,22,104,79
1022,2024-02-04,85.71,0,49,2024,2,4,6,5,1,21,48,37
1023,2024-02-04,143.12,0,90,2024,2,4,6,5,1,5,89,90
1024,2024-02-04,72.52,0,15,2024,2,4,6,5,1,6,10,18
1000,2024-02-05,153.81,0,62,2024,2,5,0,6,0,11,65,58
1001,2024-02-05,75.08,0,65,2024,2,5,0,6,0,7,66,61
1002,2024-02-05,58.84,0,13,2024,2,5,0,6,0,13,15,1
1003,2024-02-05,61.96,0,100,2024,2,5,0,6,0,12,103,92
1004,2024-02-05,18.31,1,82,2024,2,5,0,6,0,22,82,61
1005,2024-02-05,32.94,0,46,2024,2,5,0,6,0,9,45,38
1006,2024-02-05,168.34,1,84,2024,2,5,0,6,0,27,84,62
1007,2024-02-05,23.09,0,64,2024,2,5,0,6,0,11,60,62
1008,2024-02-05,155.89,1,72,2024,2,5,0,6,0,26,70,54
1009,2024-02-05,66.31,0,85,2024,2,5,0,6,0,16,82,72
1010,2024-02-05,182.28,0,93,2024,2,5,0,6,0,11,94,87
1011,2024-02-05,48.96,0,54,2024,2,5,0,6,0,15,57,45
1012,2024-02-05,21.94,0,17,2024,2,5,0,6,0,16,16,6
1013,2024-02-05,80.74,0,45,2024,2,5,0,6,0,10,45,42
1014,2024-02-05,141.87,0,79,2024,2,5,0,6,0,19,83,63
1015,2024-02-05,27.82,0,88,2024,2,5,0,6,0,4,84,84
1016,2024-02-05,27.17,1,10,2024,2,5,0,6,0,36,7,0
1017,2024-02-05,22.68,0,63,2024,2,5,0,6,0,11,60,54
1018,2024-02-05,39.78,1,100,2024,2,5,0,6,0,26,103,79
1019,2024-02-05,100.19,0,80,2024,2,5,0,6,0,13,81,68
1020,2024-02-05,116.22,1,67,2024,2,5,0,6,0,18,69,57
1021,2024-02-05,23.6,0,89,2024,2,5,0,6,0,7,93,82
1022,2024-02-05,85.71,0,45,2024,2,5,0,6,0,18,48,32
1023,2024-02-05,143.12,0,85,2024,2,5,0,6,0,5,85,85
1024,2024-02-05,65.27,1,12,2024,2,5,0,6,0,19,10,0
1000,2024-02-06,153.81,0,55,2024,2,6,1,6,0,5,50,54
1001,2024-02-06,75.08,0,64,2024,2,6,1,6,0,10,66,54
1002,2024-02-06,52.96,1,4,2024,2,6,1,6,0,25,5,0
1003,2024-02-06,61.96,0,85,2024,2,6,1,6,0,19,81,70
1004,2024-02-06,20.34,0,76,2024,2,6,1,6,0,12,78,65
1005,2024-02-06,32.94,0,31,2024,2,6,1,6,0,22,30,15
1006,2024-02-06,187.04,0,81,2024,2,6,1,6,0,14,82,69
1007,2024-02-06,20.78,1,47,2024,2,6,1,6,0,17,45,33
1008,2024-02-06,173.21,0,55,2024,2,6,1,6,0,9,54,48
1009,2024-02-06,66.31,0,73,2024,2,6,1,6,0,13,75,62
1010,2024-02-06,182.28,0,91,2024,2,6,1,6,0,1,86,93
1011,2024-02-06,48.96,0,42,2024,2,6,1,6,0,17,37,29
1012,2024-02-06,19.75,1,100,2024,2,6,1,6,0,20,98,80
1013,2024-02-06,80.74,0,31,2024,2,6,1,6,0,16,28,18
1014,2024-02-06,141.87,0,61,2024,2,6,1,6,0,5,65,63
1015,2024-02-06,25.04,1,83,2024,2,6,1,6,0,20,79,72
1016,2024-02-06,30.19,0,100,2024,2,6,1,6,0,22,97,84
1017,2024-02-06,22.68,0,52,2024,2,6,1,6,0,11,47,49
1018,2024-02-06,44.2,0,99,2024,2,6,1,6,0,18,94,85
1019,2024-02-06,100.19,0,67,2024,2,6,1,6,0,16,67,60
1020,2024-02-06,129.13,0,54,2024,2,6,1,6,0,10,53,47
1021,2024-02-06,23.6,0,73,2024,2,6,1,6,0,12,75,68
1022,2024-02-06,85.71,0,44,2024,2,6,1,6,0,12,40,40
1023,2024-02-06,143.12,0,74,2024,2,6,1,6,0,10,72,70
1024,2024-02-06,72.52,0,100,2024,2,6,1,6,0,5,102,101
1000,2024-02-07,153.81,0,41,2024,2,7,2,6,0,11,41,34
1001,2024-02-07,75.08,0,46,2024,2,7,2,6,0,8,41,41
1002,2024-02-07,58.84,0,1,2024,2,7,2,6,0,4,0,6
1003,2024-02-07,61.96,0,67,2024,2,7,2,6,0,9,62,58
1004,2024-02-07,20.34,0,76,2024,2,7,2,6,0,21,72,64
1005,2024-02-07,29.65,1,23,2024,2,7,2,6,0,22,22,10
1006,2024-02-07,187.04,0,80,2024,2,7,2,6,0,17,82,69
1007,2024-02-07,23.09,0,41,2024,2,7,2,6,0,14,43,27
1008,2024-02-07,173.21,0,52,2024,2,7,2,6,0,12,49,40
1009,2024-02-07,66.31,0,57,2024,2,7,2,6,0,21,55,40
1010,2024-02-07,182.28,0,88,2024,2,7,2,6,0,7,92,89
1011,2024-02-07,44.06,1,27,2024,2,7,2,6,0,30,27,2
1012,2024-02-07,21.94,0,93,2024,2,7,2,6,0,4,97,91
1013,2024-02-07,72.67,1,20,2024,2,7,2,6,0,35,17,0
1014,2024-02-07,141.87,0,51,2024,2,7,2,6,0,12,47,45
1015,2024-02-07,27.82,0,64,2024,2,7,2,6,0,21,64,48
1016,2024-02-07,30.19,0,89,2024,2,7,2,6,0,20,88,77
1017,2024-02-07,20.41,1,35,2024,2,7,2,6,0,30,39,10
1018,2024-02-07,39.78,1,90,2024,2,7,2,6,0,37,89,57
1019,2024-02-07,100.19,0,51,2024,2,7,2,6,0,10,55,50
1020,2024-02-07,129.13,0,43,2024,2,7,2,6,0,18,42,31
1021,2024-02-07,21.24,1,55,2024,2,7,2,6,0,20,59,35
1022,2024-02-07,85.71,0,27,2024,2,7,2,6,0,19,26,14
1023,2024-02-07,143.12,0,60,2024,2,7,2,6,0,8,57,54
1024,2024-02-07,72.52,0,92,2024,2,7,2,6,0,3,93,97
1000,2024-02-08,153.81,0,24,2024,2,8,3,6,0,13,24,16
1001,2024-02-08,75.08,0,37,2024,2,8,3,6,0,21,35,24
1002,2024-02-08,52.96,1,100,2024,2,8,3,6,0,31,96,73
1003,2024-02-08,61.96,0,59,2024,2,8,3,6,0,19,62,46
1004,2024-02-08,20.34,0,72,2024,2,8,3,6,0,16,67,59
1005,2024-02-08,32.94,0,14,2024,2,8,3,6,0,19,12,1
1006,2024-02-08,187.04,0,74,2024,2,8,3,6,0,8,69,66
1007,2024-02-08,23.09,0,22,2024,2,8,3,6,0,22,22,6
1008,2024-02-08,173.21,0,33,2024,2,8,3,6,0,18,31,22
1009,2024-02-08,66.31,0,50,2024,2,8,3,6,0,3,49,51
1010,2024-02-08,182.28,0,72,2024,2,8,3,6,0,14,71,59
1011,2024-02-08,48.96,0,24,2024,2,8,3,6,0,22,27,6
1012,2024-02-08,21.94,0,84,2024,2,8,3,6,0,18,79,71
1013,2024-02-08,80.74,0,12,2024,2,8,3,6,0,20,8,0
1014,2024-02-08,127.68,1,36,2024,2,8,3,6,0,8,36,33
1015,2024-02-08,27.82,0,59,2024,2,8,3,6,0,20,58,44
1016,2024-02-08,30.19,0,73,2024,2,8,3,6,0,21,74,52
1017,2024-02-08,22.68,0,19,2024,2,8,3,6,0,9,16,10
1018,2024-02-08,44.2,0,78,2024,2,8,3,6,0,22,75,65
1019,2024-02-08,100.19,0,50,2024,2,8,3,6,0,5,54,47
1020,2024-02-08,129.13,0,32,2024,2,8,3,6,0,2,28,39
1021,2024-02-08,23.6,0,36,2024,2,8,3,6,0,11,33,34
1022,2024-02-08,85.71,0,9,2024,2,8,3,6,0,9,13,2
1023,2024-02-08,143.12,0,55,2024,2,8,3,6,0,4,50,54
1024,2024-02-08,72.52,0,79,2024,2,8,3,6,0,12,78,68
